DISTRICT,DISTNAME
"001902","CAYUGA ISD"
"001903","ELKHART ISD"
"001904","FRANKSTON ISD"
"001906","NECHES ISD"
"001907","PALESTINE ISD"
"001908","WESTWOOD ISD"
"001909","SLOCUM ISD"
"002901","ANDREWS ISD"
"003801","PINEYWOODS COMMUNITY ACADEMY"
"003902","HUDSON ISD"
"003903","LUFKIN ISD"
"003904","HUNTINGTON ISD"
"003905","DIBOLL ISD"
"003906","ZAVALLA ISD"
"003907","CENTRAL ISD"
"004901","ARANSAS COUNTY ISD"
"005901","ARCHER CITY ISD"
"005902","HOLLIDAY ISD"
"005904","WINDTHORST ISD"
"006902","CLAUDE ISD"
"007901","CHARLOTTE ISD"
"007902","JOURDANTON ISD"
"007904","LYTLE ISD"
"007905","PLEASANTON ISD"
"007906","POTEET ISD"
"008901","BELLVILLE ISD"
"008902","SEALY ISD"
"008903","BRAZOS ISD"
"009901","MULESHOE ISD"
"010901","MEDINA ISD"
"010902","BANDERA ISD"
"011901","BASTROP ISD"
"011902","ELGIN ISD"
"011904","SMITHVILLE ISD"
"011905","MCDADE ISD"
"012901","SEYMOUR ISD"
"013801","ST MARY'S ACADEMY CHARTER SCHOOL"
"013901","BEEVILLE ISD"
"013902","PAWNEE ISD"
"013903","PETTUS ISD"
"013905","SKIDMORE-TYNAN ISD"
"014801","RICHARD MILBURN ALTER HIGH SCHOOL"
"014803","PRIORITY CHARTER SCHOOLS"
"014804","ORENDA CHARTER SCHOOL"
"014901","ACADEMY ISD"
"014902","BARTLETT ISD"
"014903","BELTON ISD"
"014905","HOLLAND ISD"
"014906","KILLEEN ISD"
"014907","ROGERS ISD"
"014908","SALADO ISD"
"014909","TEMPLE ISD"
"014910","TROY ISD"
"015801","POR VIDA ACADEMY"
"015802","GEORGE GERVIN ACADEMY"
"015805","NEW FRONTIERS CHARTER SCHOOL"
"015806","SCHOOL OF EXCELLENCE IN EDUCATION"
"015807","SOUTHWEST PREPARATORY SCHOOL"
"015808","JOHN H WOOD JR PUBLIC CHARTER DIST"
"015809","BEXAR COUNTY ACADEMY"
"015814","POSITIVE SOLUTIONS CHARTER SCHOOL"
"015815","RADIANCE ACADEMY OF LEARNING"
"015816","ACADEMY OF CAREERS AND TECHNOLOGIE"
"015819","SHEKINAH RADIANCE ACADEMY"
"015820","SAN ANTONIO SCHOOL FOR INQUIRY & C"
"015822","JUBILEE ACADEMIC CENTER"
"015825","LIGHTHOUSE CHARTER SCHOOL"
"015826","KIPP SAN ANTONIO"
"015827","SCHOOL OF SCIENCE AND TECHNOLOGY"
"015828","HARMONY SCIENCE ACAD (SAN ANTONIO)"
"015830","BROOKS ACADEMY OF SCIENCE AND ENGI"
"015831","SCHOOL OF SCIENCE AND TECHNOLOGY D"
"015833","HENRY FORD ACADEMY ALAMEDA SCHOOL"
"015834","BASIS TEXAS"
"015835","GREAT HEARTS TEXAS"
"015836","ELEANOR KOLITZ HEBREW LANGUAGE ACA"
"015837","CARPE DIEM SCHOOLS"
"015901","ALAMO HEIGHTS ISD"
"015904","HARLANDALE ISD"
"015905","EDGEWOOD ISD"
"015906","RANDOLPH FIELD ISD"
"015907","SAN ANTONIO ISD"
"015908","SOUTH SAN ANTONIO ISD"
"015909","SOMERSET ISD"
"015910","NORTH EAST ISD"
"015911","EAST CENTRAL ISD"
"015912","SOUTHWEST ISD"
"015913","LACKLAND ISD"
"015914","FT SAM HOUSTON ISD"
"015915","NORTHSIDE ISD"
"015916","JUDSON ISD"
"015917","SOUTHSIDE ISD"
"016901","JOHNSON CITY ISD"
"016902","BLANCO ISD"
"017901","BORDEN COUNTY ISD"
"018901","CLIFTON ISD"
"018902","MERIDIAN ISD"
"018903","MORGAN ISD"
"018904","VALLEY MILLS ISD"
"018905","WALNUT SPRINGS ISD"
"018906","IREDELL ISD"
"018907","KOPPERL ISD"
"018908","CRANFILLS GAP ISD"
"019901","DEKALB ISD"
"019902","HOOKS ISD"
"019903","MAUD ISD"
"019905","NEW BOSTON ISD"
"019906","REDWATER ISD"
"019907","TEXARKANA ISD"
"019908","LIBERTY-EYLAU ISD"
"019909","SIMMS ISD"
"019910","MALTA ISD"
"019911","RED LICK ISD"
"019912","PLEASANT GROVE ISD"
"019913","HUBBARD ISD"
"019914","LEARY ISD"
"020901","ALVIN ISD"
"020902","ANGLETON ISD"
"020904","DANBURY ISD"
"020905","BRAZOSPORT ISD"
"020906","SWEENY ISD"
"020907","COLUMBIA-BRAZORIA ISD"
"020908","PEARLAND ISD"
"020910","DAMON ISD"
"021803","BRAZOS SCHOOL FOR INQUIRY & CREATI"
"021805","ARROW ACADEMY"
"021901","COLLEGE STATION ISD"
"021902","BRYAN ISD"
"022004","TERLINGUA CSD"
"022901","ALPINE ISD"
"022902","MARATHON ISD"
"022903","SAN VICENTE ISD"
"023902","SILVERTON ISD"
"024901","BROOKS COUNTY ISD"
"025901","BANGS ISD"
"025902","BROWNWOOD ISD"
"025904","BLANKET ISD"
"025905","MAY ISD"
"025906","ZEPHYR ISD"
"025908","BROOKESMITH ISD"
"025909","EARLY ISD"
"026901","CALDWELL ISD"
"026902","SOMERVILLE ISD"
"026903","SNOOK ISD"
"027903","BURNET CISD"
"027904","MARBLE FALLS ISD"
"028902","LOCKHART ISD"
"028903","LULING ISD"
"028906","PRAIRIE LEA ISD"
"029901","CALHOUN COUNTY ISD"
"030901","CROSS PLAINS ISD"
"030902","CLYDE CISD"
"030903","BAIRD ISD"
"030906","EULA ISD"
"031901","BROWNSVILLE ISD"
"031903","HARLINGEN CISD"
"031905","LA FERIA ISD"
"031906","LOS FRESNOS CISD"
"031909","POINT ISABEL ISD"
"031911","RIO HONDO ISD"
"031912","SAN BENITO CISD"
"031913","SANTA MARIA ISD"
"031914","SANTA ROSA ISD"
"031916","SOUTH TEXAS ISD"
"032902","PITTSBURG ISD"
"033901","GROOM ISD"
"033902","PANHANDLE ISD"
"033904","WHITE DEER ISD"
"034901","ATLANTA ISD"
"034902","AVINGER ISD"
"034903","HUGHES SPRINGS ISD"
"034905","LINDEN-KILDARE CISD"
"034906","MCLEOD ISD"
"034907","QUEEN CITY ISD"
"034909","BLOOMBURG ISD"
"035901","DIMMITT ISD"
"035902","HART ISD"
"035903","NAZARETH ISD"
"036901","ANAHUAC ISD"
"036902","BARBERS HILL ISD"
"036903","EAST CHAMBERS ISD"
"037901","ALTO ISD"
"037904","JACKSONVILLE ISD"
"037907","RUSK ISD"
"037908","NEW SUMMERFIELD ISD"
"037909","WELLS ISD"
"038901","CHILDRESS ISD"
"039902","HENRIETTA ISD"
"039903","PETROLIA CISD"
"039904","BELLEVUE ISD"
"039905","MIDWAY ISD"
"040901","MORTON ISD"
"040902","WHITEFACE CISD"
"041901","BRONTE ISD"
"041902","ROBERT LEE ISD"
"042901","COLEMAN ISD"
"042903","SANTA ANNA ISD"
"042905","PANTHER CREEK CISD"
"043801","IMAGINE INTERNATIONAL ACADEMY OF N"
"043901","ALLEN ISD"
"043902","ANNA ISD"
"043903","CELINA ISD"
"043904","FARMERSVILLE ISD"
"043905","FRISCO ISD"
"043907","MCKINNEY ISD"
"043908","MELISSA ISD"
"043910","PLANO ISD"
"043911","PRINCETON ISD"
"043912","PROSPER ISD"
"043914","WYLIE ISD"
"043917","BLUE RIDGE ISD"
"043918","COMMUNITY ISD"
"043919","LOVEJOY ISD"
"044902","WELLINGTON ISD"
"045902","COLUMBUS ISD"
"045903","RICE CISD"
"045905","WEIMAR ISD"
"046802","TRINITY CHARTER SCHOOL"
"046901","NEW BRAUNFELS ISD"
"046902","COMAL ISD"
"047901","COMANCHE ISD"
"047902","DE LEON ISD"
"047903","GUSTINE ISD"
"047905","SIDNEY ISD"
"048901","EDEN CISD"
"048903","PAINT ROCK ISD"
"049901","GAINESVILLE ISD"
"049902","MUENSTER ISD"
"049903","VALLEY VIEW ISD"
"049905","CALLISBURG ISD"
"049906","ERA ISD"
"049907","LINDSAY ISD"
"049908","WALNUT BEND ISD"
"049909","SIVELLS BEND ISD"
"050901","EVANT ISD"
"050902","GATESVILLE ISD"
"050904","OGLESBY ISD"
"050909","JONESBORO ISD"
"050910","COPPERAS COVE ISD"
"051901","PADUCAH ISD"
"052901","CRANE ISD"
"053001","CROCKETT COUNTY CONSOLIDATED CSD"
"054901","CROSBYTON CISD"
"054902","LORENZO ISD"
"054903","RALLS ISD"
"055901","CULBERSON COUNTY-ALLAMOORE ISD"
"056901","DALHART ISD"
"056902","TEXLINE ISD"
"057802","PEGASUS SCHOOL OF LIBERAL ARTS AND"
"057803","UPLIFT EDUCATION"
"057804","TEXANS CAN ACADEMIES"
"057805","LUMIN EDUCATION"
"057806","ADVANTAGE ACADEMY"
"057807","LIFE SCHOOL"
"057808","UNIVERSAL ACADEMY"
"057809","NOVA ACADEMY"
"057810","ACADEMY OF DALLAS"
"057811","CHILDREN FIRST ACADEMY OF DALLAS"
"057813","TRINITY BASIN PREPARATORY"
"057814","ACADEMY FOR ACADEMIC EXCELLENCE"
"057816","A W BROWN-FELLOWSHIP LEADERSHIP AC"
"057817","FOCUS LEARNING ACADEMY"
"057819","JEAN MASSIEU ACADEMY"
"057827","NOVA ACADEMY (SOUTHEAST)"
"057828","WINFREE ACADEMY CHARTER SCHOOLS"
"057829","A+ ACADEMY"
"057830","INSPIRED VISION ACADEMY"
"057831","GATEWAY CHARTER ACADEMY"
"057832","ALPHA CHARTER SCHOOL"
"057833","EDUCATION CENTER INTERNATIONAL ACA"
"057834","EVOLUTION ACADEMY CHARTER SCHOOL"
"057835","GOLDEN RULE CHARTER SCHOOL"
"057836","ST ANTHONY SCHOOL"
"057837","KIPP DALLAS-FORT WORTH"
"057839","LA ACADEMIA DE ESTRELLAS"
"057840","RICHLAND COLLEGIATE HIGH SCHOOL"
"057841","CITYSCAPE SCHOOLS"
"057844","MANARA ACADEMY"
"057845","UME PREPARATORY ACADEMY"
"057846","LEGACY PREPARATORY"
"057847","VILLAGE TECH SCHOOLS"
"057848","INTERNATIONAL LEADERSHIP OF TEXAS"
"057849","TRINITY ENVIRONMENTAL ACADEMY"
"057903","CARROLLTON-FARMERS BRANCH ISD"
"057904","CEDAR HILL ISD"
"057905","DALLAS ISD"
"057906","DESOTO ISD"
"057907","DUNCANVILLE ISD"
"057909","GARLAND ISD"
"057910","GRAND PRAIRIE ISD"
"057911","HIGHLAND PARK ISD"
"057912","IRVING ISD"
"057913","LANCASTER ISD"
"057914","MESQUITE ISD"
"057916","RICHARDSON ISD"
"057919","SUNNYVALE ISD"
"057922","COPPELL ISD"
"058902","DAWSON ISD"
"058905","KLONDIKE ISD"
"058906","LAMESA ISD"
"058909","SANDS CISD"
"059901","HEREFORD ISD"
"059902","WALCOTT ISD"
"060902","COOPER ISD"
"060914","FANNINDEL ISD"
"061802","NORTH TEXAS COLLEGIATE ACADEMY"
"061804","LEADERSHIP PREP SCHOOL"
"061901","DENTON ISD"
"061902","LEWISVILLE ISD"
"061903","PILOT POINT ISD"
"061905","KRUM ISD"
"061906","PONDER ISD"
"061907","AUBREY ISD"
"061908","SANGER ISD"
"061910","ARGYLE ISD"
"061911","NORTHWEST ISD"
"061912","LAKE DALLAS ISD"
"061914","LITTLE ELM ISD"
"062901","CUERO ISD"
"062902","NORDHEIM ISD"
"062903","YOAKUM ISD"
"062904","YORKTOWN ISD"
"062905","WESTHOFF ISD"
"062906","MEYERSVILLE ISD"
"063903","SPUR ISD"
"063906","PATTON SPRINGS ISD"
"064903","CARRIZO SPRINGS CISD"
"065901","CLARENDON ISD"
"065902","HEDLEY ISD"
"066005","RAMIREZ CSD"
"066901","BENAVIDES ISD"
"066902","SAN DIEGO ISD"
"066903","FREER ISD"
"067902","CISCO ISD"
"067903","EASTLAND ISD"
"067904","GORMAN ISD"
"067907","RANGER ISD"
"067908","RISING STAR ISD"
"068802","COMPASS ACADEMY CHARTER SCHOOL"
"068803","UTPB STEM ACADEMY"
"068901","ECTOR COUNTY ISD"
"069901","ROCKSPRINGS ISD"
"069902","NUECES CANYON CISD"
"070801","WAXAHACHIE FAITH FAMILY ACADEMY"
"070901","AVALON ISD"
"070903","ENNIS ISD"
"070905","FERRIS ISD"
"070907","ITALY ISD"
"070908","MIDLOTHIAN ISD"
"070909","MILFORD ISD"
"070910","PALMER ISD"
"070911","RED OAK ISD"
"070912","WAXAHACHIE ISD"
"070915","MAYPEARL ISD"
"071801","BURNHAM WOOD CHARTER SCHOOL DISTRI"
"071803","PASO DEL NORTE ACADEMY CHARTER DIS"
"071804","EL PASO ACADEMY"
"071806","HARMONY SCIENCE ACAD (EL PASO)"
"071807","LA FE PREPARATORY SCHOOL"
"071809","VISTA DEL FUTURO CHARTER SCHOOL"
"071810","EL PASO LEADERSHIP ACADEMY"
"071901","CLINT ISD"
"071902","EL PASO ISD"
"071903","FABENS ISD"
"071904","SAN ELIZARIO ISD"
"071905","YSLETA ISD"
"071906","ANTHONY ISD"
"071907","CANUTILLO ISD"
"071908","TORNILLO ISD"
"071909","SOCORRO ISD"
"072801","PREMIER HIGH SCHOOLS"
"072802","ERATH EXCELS ACADEMY INC"
"072901","THREE WAY ISD"
"072902","DUBLIN ISD"
"072903","STEPHENVILLE ISD"
"072904","BLUFF DALE ISD"
"072908","HUCKABAY ISD"
"072909","LINGLEVILLE ISD"
"072910","MORGAN MILL ISD"
"073901","CHILTON ISD"
"073903","MARLIN ISD"
"073904","WESTPHALIA ISD"
"073905","ROSEBUD-LOTT ISD"
"074903","BONHAM ISD"
"074904","DODD CITY ISD"
"074905","ECTOR ISD"
"074907","HONEY GROVE ISD"
"074909","LEONARD ISD"
"074911","SAVOY ISD"
"074912","TRENTON ISD"
"074917","SAM RAYBURN ISD"
"075901","FLATONIA ISD"
"075902","LA GRANGE ISD"
"075903","SCHULENBURG ISD"
"075906","FAYETTEVILLE ISD"
"075908","ROUND TOP-CARMINE ISD"
"076903","ROBY CISD"
"076904","ROTAN ISD"
"077901","FLOYDADA ISD"
"077902","LOCKNEY ISD"
"078901","CROWELL ISD"
"079901","LAMAR CISD"
"079906","NEEDVILLE ISD"
"079907","FORT BEND ISD"
"079910","STAFFORD MSD"
"080901","MOUNT VERNON ISD"
"081902","FAIRFIELD ISD"
"081904","TEAGUE ISD"
"081905","WORTHAM ISD"
"081906","DEW ISD"
"082902","DILLEY ISD"
"082903","PEARSALL ISD"
"083901","SEAGRAVES ISD"
"083902","LOOP ISD"
"083903","SEMINOLE ISD"
"084802","ODYSSEY ACADEMY INC"
"084804","AMBASSADORS PREPARATORY ACADEMY"
"084805","PREMIER LEARNING ACADEMY"
"084901","DICKINSON ISD"
"084902","GALVESTON ISD"
"084903","HIGH ISLAND ISD"
"084904","LA MARQUE ISD"
"084906","TEXAS CITY ISD"
"084908","HITCHCOCK ISD"
"084909","SANTA FE ISD"
"084910","CLEAR CREEK ISD"
"084911","FRIENDSWOOD ISD"
"085902","POST ISD"
"085903","SOUTHLAND ISD"
"086024","DOSS CONSOLIDATED CSD"
"086901","FREDERICKSBURG ISD"
"086902","HARPER ISD"
"087901","GLASSCOCK COUNTY ISD"
"088902","GOLIAD ISD"
"089901","GONZALES ISD"
"089903","NIXON-SMILEY CISD"
"089905","WAELDER ISD"
"090902","LEFORS ISD"
"090903","MCLEAN ISD"
"090904","PAMPA ISD"
"090905","GRANDVIEW-HOPKINS ISD"
"091901","BELLS ISD"
"091902","COLLINSVILLE ISD"
"091903","DENISON ISD"
"091905","HOWE ISD"
"091906","SHERMAN ISD"
"091907","TIOGA ISD"
"091908","VAN ALSTYNE ISD"
"091909","WHITESBORO ISD"
"091910","WHITEWRIGHT ISD"
"091913","POTTSBORO ISD"
"091914","S AND S CISD"
"091917","GUNTER ISD"
"091918","TOM BEAN ISD"
"092801","EAST TEXAS CHARTER SCHOOLS"
"092901","GLADEWATER ISD"
"092902","KILGORE ISD"
"092903","LONGVIEW ISD"
"092904","PINE TREE ISD"
"092906","SABINE ISD"
"092907","SPRING HILL ISD"
"092908","WHITE OAK ISD"
"093901","ANDERSON-SHIRO CISD"
"093903","IOLA ISD"
"093904","NAVASOTA ISD"
"093905","RICHARDS ISD"
"094901","SEGUIN ISD"
"094902","SCHERTZ-CIBOLO-U CITY ISD"
"094903","NAVARRO ISD"
"094904","MARION ISD"
"095901","ABERNATHY ISD"
"095902","COTTON CENTER ISD"
"095903","HALE CENTER ISD"
"095904","PETERSBURG ISD"
"095905","PLAINVIEW ISD"
"096904","MEMPHIS ISD"
"096905","TURKEY-QUITAQUE ISD"
"097902","HAMILTON ISD"
"097903","HICO ISD"
"098901","GRUVER ISD"
"098903","PRINGLE-MORSE CISD"
"098904","SPEARMAN ISD"
"099902","CHILLICOTHE ISD"
"099903","QUANAH ISD"
"100903","KOUNTZE ISD"
"100904","SILSBEE ISD"
"100905","HARDIN-JEFFERSON ISD"
"100907","LUMBERTON ISD"
"100908","WEST HARDIN COUNTY CISD"
"101802","SER-NINOS CHARTER SCHOOL"
"101803","ARISTOI CLASSICAL ACADEMY"
"101804","GEORGE I SANCHEZ CHARTER"
"101806","RAUL YZAGUIRRE SCHOOL FOR SUCCESS"
"101807","UNIVERSITY OF HOUSTON CHARTER SCHO"
"101810","ACADEMY OF ACCELERATED LEARNING IN"
"101811","EXCEL ACADEMY"
"101813","KIPP INC CHARTER"
"101814","THE VARNETT PUBLIC SCHOOL"
"101815","ALIEF MONTESSORI COMMUNITY SCHOOL"
"101819","AMIGOS POR VIDA-FRIENDS FOR LIFE P"
"101821","HOUSTON HEIGHTS HIGH SCHOOL"
"101828","HOUSTON GATEWAY ACADEMY INC"
"101829","HOUSTON HEIGHTS LEARNING ACADEMY I"
"101833","LA AMISTAD LOVE & LEARNING ACADEMY"
"101837","CALVIN NELMS CHARTER SCHOOLS"
"101838","SOUTHWEST SCHOOL"
"101840","TWO DIMENSIONS PREPARATORY ACADEMY"
"101842","COMQUEST ACADEMY"
"101845","YES PREP PUBLIC SCHOOLS INC"
"101846","HARMONY SCIENCE ACADEMY"
"101847","BEATRICE MAYES INSTITUTE CHARTER S"
"101849","ACCELERATED INTERMEDIATE ACADEMY"
"101850","ZOE LEARNING ACADEMY"
"101853","PROMISE COMMUNITY SCHOOL"
"101855","MEYERPARK ELEMENTARY"
"101856","DRAW ACADEMY"
"101858","HARMONY SCHOOL OF EXCELLENCE"
"101859","STEP CHARTER SCHOOL"
"101861","THE RHODES SCHOOL"
"101862","HARMONY SCHOOL OF SCIENCE - HOUSTO"
"101864","THE LAWSON ACADEMY"
"101865","VICTORY PREP"
"101866","GLOBAL LEARNING VILLAGE"
"101867","FALLBROOK COLLEGE PREPARATORY ACAD"
"101868","THE PRO-VISION ACADEMY"
"101869","C O R E ACADEMY"
"101870","BETA ACADEMY"
"101902","ALDINE ISD"
"101903","ALIEF ISD"
"101905","CHANNELVIEW ISD"
"101906","CROSBY ISD"
"101907","CYPRESS-FAIRBANKS ISD"
"101908","DEER PARK ISD"
"101910","GALENA PARK ISD"
"101911","GOOSE CREEK CISD"
"101912","HOUSTON ISD"
"101913","HUMBLE ISD"
"101914","KATY ISD"
"101915","KLEIN ISD"
"101916","LA PORTE ISD"
"101917","PASADENA ISD"
"101919","SPRING ISD"
"101920","SPRING BRANCH ISD"
"101921","TOMBALL ISD"
"101924","SHELDON ISD"
"101925","HUFFMAN ISD"
"102901","KARNACK ISD"
"102902","MARSHALL ISD"
"102903","WASKOM ISD"
"102904","HALLSVILLE ISD"
"102905","HARLETON ISD"
"102906","ELYSIAN FIELDS ISD"
"103901","CHANNING ISD"
"103902","HARTLEY ISD"
"104901","HASKELL CISD"
"104903","RULE ISD"
"104907","PAINT CREEK ISD"
"105801","KATHERINE ANNE PORTER SCHOOL"
"105802","TEXAS PREPARATORY SCHOOL"
"105803","KI CHARTER ACADEMY"
"105902","SAN MARCOS CISD"
"105904","DRIPPING SPRINGS ISD"
"105905","WIMBERLEY ISD"
"105906","HAYS CISD"
"106901","CANADIAN ISD"
"107901","ATHENS ISD"
"107902","BROWNSBORO ISD"
"107904","CROSS ROADS ISD"
"107905","EUSTACE ISD"
"107906","MALAKOFF ISD"
"107907","TRINIDAD ISD"
"107908","MURCHISON ISD"
"107910","LAPOYNOR ISD"
"108802","HORIZON MONTESSORI PUBLIC SCHOOLS"
"108804","MIDVALLEY ACADEMY CHARTER DISTRICT"
"108807","IDEA PUBLIC SCHOOLS"
"108808","VANGUARD ACADEMY"
"108809","EXCELLENCE IN LEADERSHIP ACADEMY"
"108902","DONNA ISD"
"108903","EDCOUCH-ELSA ISD"
"108904","EDINBURG CISD"
"108905","HIDALGO ISD"
"108906","MCALLEN ISD"
"108907","MERCEDES ISD"
"108908","MISSION CISD"
"108909","PHARR-SAN JUAN-ALAMO ISD"
"108910","PROGRESO ISD"
"108911","SHARYLAND ISD"
"108912","LA JOYA ISD"
"108913","WESLACO ISD"
"108914","LA VILLA ISD"
"108915","MONTE ALTO ISD"
"108916","VALLEY VIEW ISD"
"109901","ABBOTT ISD"
"109902","BYNUM ISD"
"109903","COVINGTON ISD"
"109904","HILLSBORO ISD"
"109905","HUBBARD ISD"
"109907","ITASCA ISD"
"109908","MALONE ISD"
"109910","MOUNT CALM ISD"
"109911","WHITNEY ISD"
"109912","AQUILLA ISD"
"109913","BLUM ISD"
"109914","PENELOPE ISD"
"110901","ANTON ISD"
"110902","LEVELLAND ISD"
"110905","ROPES ISD"
"110906","SMYER ISD"
"110907","SUNDOWN ISD"
"110908","WHITHARRAL ISD"
"111901","GRANBURY ISD"
"111902","LIPAN ISD"
"111903","TOLAR ISD"
"112901","SULPHUR SPRINGS ISD"
"112905","CUMBY ISD"
"112906","NORTH HOPKINS ISD"
"112907","MILLER GROVE ISD"
"112908","COMO-PICKTON CISD"
"112909","SALTILLO ISD"
"112910","SULPHUR BLUFF ISD"
"113901","CROCKETT ISD"
"113902","GRAPELAND ISD"
"113903","LOVELADY ISD"
"113905","LATEXO ISD"
"113906","KENNARD ISD"
"114901","BIG SPRING ISD"
"114902","COAHOMA ISD"
"114904","FORSAN ISD"
"115901","FT HANCOCK ISD"
"115902","SIERRA BLANCA ISD"
"115903","DELL CITY ISD"
"116901","CADDO MILLS ISD"
"116902","CELESTE ISD"
"116903","COMMERCE ISD"
"116905","GREENVILLE ISD"
"116906","LONE OAK ISD"
"116908","QUINLAN ISD"
"116909","WOLFE CITY ISD"
"116910","CAMPBELL ISD"
"116915","BLAND ISD"
"116916","BOLES ISD"
"117901","BORGER ISD"
"117903","SANFORD-FRITCH ISD"
"117904","PLEMONS-STINNETT-PHILLIPS CISD"
"117907","SPRING CREEK ISD"
"118902","IRION COUNTY ISD"
"119901","BRYSON ISD"
"119902","JACKSBORO ISD"
"119903","PERRIN-WHITT CISD"
"120901","EDNA ISD"
"120902","GANADO ISD"
"120905","INDUSTRIAL ISD"
"121902","BROOKELAND ISD"
"121903","BUNA ISD"
"121904","JASPER ISD"
"121905","KIRBYVILLE CISD"
"121906","EVADALE ISD"
"122901","FT DAVIS ISD"
"122902","VALENTINE ISD"
"123803","TEKOA ACADEMY OF ACCELERATED STUDI"
"123805","EHRHART SCHOOL"
"123807","BOB HOPE SCHOOL"
"123905","NEDERLAND ISD"
"123907","PORT ARTHUR ISD"
"123908","PORT NECHES-GROVES ISD"
"123910","BEAUMONT ISD"
"123913","SABINE PASS ISD"
"123914","HAMSHIRE-FANNETT ISD"
"124901","JIM HOGG COUNTY ISD"
"125901","ALICE ISD"
"125902","BEN BOLT-PALITO BLANCO ISD"
"125903","ORANGE GROVE ISD"
"125905","PREMONT ISD"
"125906","LA GLORIA ISD"
"126901","ALVARADO ISD"
"126902","BURLESON ISD"
"126903","CLEBURNE ISD"
"126904","GRANDVIEW ISD"
"126905","JOSHUA ISD"
"126906","KEENE ISD"
"126907","RIO VISTA ISD"
"126908","VENUS ISD"
"126911","GODLEY ISD"
"127901","ANSON ISD"
"127903","HAMLIN ISD"
"127904","HAWLEY ISD"
"127905","LUEDERS-AVOCA ISD"
"127906","STAMFORD ISD"
"128901","KARNES CITY ISD"
"128902","KENEDY ISD"
"128903","RUNGE ISD"
"128904","FALLS CITY ISD"
"129901","CRANDALL ISD"
"129902","FORNEY ISD"
"129903","KAUFMAN ISD"
"129904","KEMP ISD"
"129905","MABANK ISD"
"129906","TERRELL ISD"
"129910","SCURRY-ROSSER ISD"
"130801","MEADOWLAND CHARTER SCHOOL"
"130901","BOERNE ISD"
"130902","COMFORT ISD"
"131001","KENEDY COUNTY WIDE CSD"
"132902","JAYTON-GIRARD ISD"
"133901","CENTER POINT ISD"
"133902","HUNT ISD"
"133903","KERRVILLE ISD"
"133904","INGRAM ISD"
"133905","DIVIDE ISD"
"134901","JUNCTION ISD"
"135001","GUTHRIE CSD"
"136901","BRACKETT ISD"
"137901","KINGSVILLE ISD"
"137902","RICARDO ISD"
"137903","RIVIERA ISD"
"137904","SANTA GERTRUDIS ISD"
"138902","KNOX CITY-O'BRIEN CISD"
"138903","MUNDAY CISD"
"138904","BENJAMIN ISD"
"139905","CHISUM ISD"
"139908","ROXTON ISD"
"139909","PARIS ISD"
"139911","NORTH LAMAR ISD"
"139912","PRAIRILAND ISD"
"140901","AMHERST ISD"
"140904","LITTLEFIELD ISD"
"140905","OLTON ISD"
"140907","SPRINGLAKE-EARTH ISD"
"140908","SUDAN ISD"
"141901","LAMPASAS ISD"
"141902","LOMETA ISD"
"142901","COTULLA ISD"
"143901","HALLETTSVILLE ISD"
"143902","MOULTON ISD"
"143903","SHINER ISD"
"143904","VYSEHRAD ISD"
"143905","SWEET HOME ISD"
"143906","EZZELL ISD"
"144901","GIDDINGS ISD"
"144902","LEXINGTON ISD"
"144903","DIME BOX ISD"
"145901","BUFFALO ISD"
"145902","CENTERVILLE ISD"
"145906","NORMANGEE ISD"
"145907","OAKWOOD ISD"
"145911","LEON ISD"
"146901","CLEVELAND ISD"
"146902","DAYTON ISD"
"146903","DEVERS ISD"
"146904","HARDIN ISD"
"146905","HULL-DAISETTA ISD"
"146906","LIBERTY ISD"
"146907","TARKINGTON ISD"
"147901","COOLIDGE ISD"
"147902","GROESBECK ISD"
"147903","MEXIA ISD"
"148901","BOOKER ISD"
"148902","FOLLETT ISD"
"148903","HIGGINS ISD"
"148905","DARROUZETT ISD"
"149901","GEORGE WEST ISD"
"149902","THREE RIVERS ISD"
"150901","LLANO ISD"
"152802","RISE ACADEMY"
"152803","SOUTH PLAINS ACADEMY CHARTER DISTR"
"152901","LUBBOCK ISD"
"152902","NEW DEAL ISD"
"152903","SLATON ISD"
"152906","LUBBOCK-COOPER ISD"
"152907","FRENSHIP ISD"
"152908","ROOSEVELT ISD"
"152909","SHALLOWATER ISD"
"152910","IDALOU ISD"
"153903","O'DONNELL ISD"
"153904","TAHOKA ISD"
"153905","NEW HOME ISD"
"153907","WILSON ISD"
"154901","MADISONVILLE CISD"
"154903","NORTH ZULCH ISD"
"155901","JEFFERSON ISD"
"156902","STANTON ISD"
"156905","GRADY ISD"
"157901","MASON ISD"
"158901","BAY CITY ISD"
"158902","TIDEHAVEN ISD"
"158904","MATAGORDA ISD"
"158905","PALACIOS ISD"
"158906","VAN VLECK ISD"
"159901","EAGLE PASS ISD"
"160901","BRADY ISD"
"160904","ROCHELLE ISD"
"160905","LOHN ISD"
"161801","WACO CHARTER SCHOOL"
"161802","RAPOPORT ACADEMY PUBLIC SCHOOL"
"161807","HARMONY SCIENCE ACAD (WACO)"
"161901","CRAWFORD ISD"
"161903","MIDWAY ISD"
"161906","LA VEGA ISD"
"161907","LORENA ISD"
"161908","MART ISD"
"161909","MCGREGOR ISD"
"161910","MOODY ISD"
"161912","RIESEL ISD"
"161914","WACO ISD"
"161916","WEST ISD"
"161918","AXTELL ISD"
"161919","BRUCEVILLE-EDDY ISD"
"161920","CHINA SPRING ISD"
"161921","CONNALLY ISD"
"161922","ROBINSON ISD"
"161923","BOSQUEVILLE ISD"
"161924","HALLSBURG ISD"
"161925","GHOLSON ISD"
"162904","MCMULLEN COUNTY ISD"
"163901","DEVINE ISD"
"163902","D'HANIS ISD"
"163903","NATALIA ISD"
"163904","HONDO ISD"
"163908","MEDINA VALLEY ISD"
"164901","MENARD ISD"
"165802","MIDLAND ACADEMY CHARTER SCHOOL"
"165901","MIDLAND ISD"
"165902","GREENWOOD ISD"
"166901","CAMERON ISD"
"166902","GAUSE ISD"
"166903","MILANO ISD"
"166904","ROCKDALE ISD"
"166905","THORNDALE ISD"
"166907","BUCKHOLTS ISD"
"167901","GOLDTHWAITE ISD"
"167902","MULLIN ISD"
"167904","PRIDDY ISD"
"168901","COLORADO ISD"
"168902","LORAINE ISD"
"168903","WESTBROOK ISD"
"169901","BOWIE ISD"
"169902","NOCONA ISD"
"169906","GOLD BURG ISD"
"169908","MONTAGUE ISD"
"169909","PRAIRIE VALLEY ISD"
"169910","FORESTBURG ISD"
"169911","SAINT JO ISD"
"170801","TEXAS SERENITY ACADEMY"
"170902","CONROE ISD"
"170903","MONTGOMERY ISD"
"170904","WILLIS ISD"
"170906","MAGNOLIA ISD"
"170907","SPLENDORA ISD"
"170908","NEW CANEY ISD"
"171901","DUMAS ISD"
"171902","SUNRAY ISD"
"172902","DAINGERFIELD-LONE STAR ISD"
"172905","PEWITT CISD"
"173901","MOTLEY COUNTY ISD"
"174801","STEPHEN F AUSTIN STATE UNIVERSITY"
"174901","CHIRENO ISD"
"174902","CUSHING ISD"
"174903","GARRISON ISD"
"174904","NACOGDOCHES ISD"
"174906","WODEN ISD"
"174908","CENTRAL HEIGHTS ISD"
"174909","MARTINSVILLE ISD"
"174910","ETOILE ISD"
"174911","DOUGLASS ISD"
"175902","BLOOMING GROVE ISD"
"175903","CORSICANA ISD"
"175904","DAWSON ISD"
"175905","FROST ISD"
"175907","KERENS ISD"
"175910","MILDRED ISD"
"175911","RICE ISD"
"176901","BURKEVILLE ISD"
"176902","NEWTON ISD"
"176903","DEWEYVILLE ISD"
"177901","ROSCOE COLLEGIATE ISD"
"177902","SWEETWATER ISD"
"177903","BLACKWELL CISD"
"177905","HIGHLAND ISD"
"178801","DR M L GARZA-GONZALEZ CHARTER SCHO"
"178807","CORPUS CHRISTI MONTESSORI SCHOOL"
"178808","SEASHORE CHARTER SCHOOLS"
"178901","AGUA DULCE ISD"
"178902","BISHOP CISD"
"178903","CALALLEN ISD"
"178904","CORPUS CHRISTI ISD"
"178905","DRISCOLL ISD"
"178906","LONDON ISD"
"178908","PORT ARANSAS ISD"
"178909","ROBSTOWN ISD"
"178912","TULOSO-MIDWAY ISD"
"178913","BANQUETE ISD"
"178914","FLOUR BLUFF ISD"
"178915","WEST OSO ISD"
"179901","PERRYTON ISD"
"180901","BOYS RANCH ISD"
"180902","VEGA ISD"
"180903","ADRIAN ISD"
"180904","WILDORADO ISD"
"181901","BRIDGE CITY ISD"
"181905","ORANGEFIELD ISD"
"181906","WEST ORANGE-COVE CISD"
"181907","VIDOR ISD"
"181908","LITTLE CYPRESS-MAURICEVILLE CISD"
"182901","GORDON ISD"
"182902","GRAFORD ISD"
"182903","MINERAL WELLS ISD"
"182904","SANTO ISD"
"182905","STRAWN ISD"
"182906","PALO PINTO ISD"
"183801","PANOLA CHARTER SCHOOL"
"183901","BECKVILLE ISD"
"183902","CARTHAGE ISD"
"183904","GARY ISD"
"184801","CROSSTIMBERS ACADEMY"
"184901","POOLVILLE ISD"
"184902","SPRINGTOWN ISD"
"184903","WEATHERFORD ISD"
"184904","MILLSAP ISD"
"184907","ALEDO ISD"
"184908","PEASTER ISD"
"184909","BROCK ISD"
"184911","GARNER ISD"
"185901","BOVINA ISD"
"185902","FARWELL ISD"
"185903","FRIONA ISD"
"185904","LAZBUDDIE ISD"
"186901","BUENA VISTA ISD"
"186902","FORT STOCKTON ISD"
"186903","IRAAN-SHEFFIELD ISD"
"187901","BIG SANDY ISD"
"187903","GOODRICH ISD"
"187904","CORRIGAN-CAMDEN ISD"
"187906","LEGGETT ISD"
"187907","LIVINGSTON ISD"
"187910","ONALASKA ISD"
"188901","AMARILLO ISD"
"188902","RIVER ROAD ISD"
"188903","HIGHLAND PARK ISD"
"188904","BUSHLAND ISD"
"189901","MARFA ISD"
"189902","PRESIDIO ISD"
"190903","RAINS ISD"
"191901","CANYON ISD"
"192901","REAGAN COUNTY ISD"
"193801","BIG SPRINGS CHARTER SCHOOL"
"193902","LEAKEY ISD"
"194902","AVERY ISD"
"194903","RIVERCREST ISD"
"194904","CLARKSVILLE ISD"
"194905","DETROIT ISD"
"195901","PECOS-BARSTOW-TOYAH ISD"
"195902","BALMORHEA ISD"
"196901","AUSTWELL-TIVOLI ISD"
"196902","WOODSBORO ISD"
"196903","REFUGIO ISD"
"197902","MIAMI ISD"
"198901","BREMOND ISD"
"198902","CALVERT ISD"
"198903","FRANKLIN ISD"
"198905","HEARNE ISD"
"198906","MUMFORD ISD"
"199901","ROCKWALL ISD"
"199902","ROYSE CITY ISD"
"200901","BALLINGER ISD"
"200902","MILES ISD"
"200904","WINTERS ISD"
"200906","OLFEN ISD"
"201902","HENDERSON ISD"
"201903","LANEVILLE ISD"
"201904","LEVERETTS CHAPEL ISD"
"201907","MOUNT ENTERPRISE ISD"
"201908","OVERTON ISD"
"201910","TATUM ISD"
"201913","CARLISLE ISD"
"201914","WEST RUSK COUNTY CONSOLIDATED ISD"
"202903","HEMPHILL ISD"
"202905","WEST SABINE ISD"
"203901","SAN AUGUSTINE ISD"
"203902","BROADDUS ISD"
"204901","COLDSPRING-OAKHURST CISD"
"204904","SHEPHERD ISD"
"205901","ARANSAS PASS ISD"
"205902","GREGORY-PORTLAND ISD"
"205903","INGLESIDE ISD"
"205904","MATHIS ISD"
"205905","ODEM-EDROY ISD"
"205906","SINTON ISD"
"205907","TAFT ISD"
"206901","SAN SABA ISD"
"206902","RICHLAND SPRINGS ISD"
"206903","CHEROKEE ISD"
"207901","SCHLEICHER ISD"
"208901","HERMLEIGH ISD"
"208902","SNYDER ISD"
"208903","IRA ISD"
"209901","ALBANY ISD"
"209902","MORAN ISD"
"210901","CENTER ISD"
"210902","JOAQUIN ISD"
"210903","SHELBYVILLE ISD"
"210904","TENAHA ISD"
"210905","TIMPSON ISD"
"210906","EXCELSIOR ISD"
"211901","TEXHOMA ISD"
"211902","STRATFORD ISD"
"212801","CUMBERLAND ACADEMY"
"212804","UT TYLER INNOVATION ACADEMY"
"212901","ARP ISD"
"212902","BULLARD ISD"
"212903","LINDALE ISD"
"212904","TROUP ISD"
"212905","TYLER ISD"
"212906","WHITEHOUSE ISD"
"212909","CHAPEL HILL ISD"
"212910","WINONA ISD"
"213801","BRAZOS RIVER CHARTER SCHOOL"
"213901","GLEN ROSE ISD"
"214901","RIO GRANDE CITY CISD"
"214902","SAN ISIDRO ISD"
"214903","ROMA ISD"
"215901","BRECKENRIDGE ISD"
"216901","STERLING CITY ISD"
"217901","ASPERMONT ISD"
"218901","SONORA ISD"
"219901","HAPPY ISD"
"219903","TULIA ISD"
"219905","KRESS ISD"
"220801","TREETOPS SCHOOL INTERNATIONAL"
"220802","ARLINGTON CLASSICS ACADEMY"
"220809","FORT WORTH ACADEMY OF FINE ARTS"
"220810","WESTLAKE ACADEMY CHARTER SCHOOL"
"220811","EAST FORT WORTH MONTESSORI ACADEMY"
"220814","TEXAS SCHOOL OF THE ARTS"
"220815","CHAPEL HILL ACADEMY"
"220817","NEWMAN INTERNATIONAL ACADEMY OF AR"
"220819","HIGH POINT ACADEMY"
"220901","ARLINGTON ISD"
"220902","BIRDVILLE ISD"
"220904","EVERMAN ISD"
"220905","FORT WORTH ISD"
"220906","GRAPEVINE-COLLEYVILLE ISD"
"220907","KELLER ISD"
"220908","MANSFIELD ISD"
"220910","LAKE WORTH ISD"
"220912","CROWLEY ISD"
"220914","KENNEDALE ISD"
"220915","AZLE ISD"
"220916","HURST-EULESS-BEDFORD ISD"
"220917","CASTLEBERRY ISD"
"220918","EAGLE MT-SAGINAW ISD"
"220919","CARROLL ISD"
"220920","WHITE SETTLEMENT ISD"
"221801","TEXAS COLLEGE PREPARATORY ACADEMIE"
"221901","ABILENE ISD"
"221904","MERKEL ISD"
"221905","TRENT ISD"
"221911","JIM NED CISD"
"221912","WYLIE ISD"
"222901","TERRELL COUNTY ISD"
"223901","BROWNFIELD ISD"
"223902","MEADOW ISD"
"223904","WELLMAN-UNION CISD"
"224901","THROCKMORTON ISD"
"224902","WOODSON ISD"
"225902","MOUNT PLEASANT ISD"
"225905","WINFIELD ISD"
"225906","CHAPEL HILL ISD"
"225907","HARTS BLUFF ISD"
"226801","TEXAS LEADERSHIP"
"226901","CHRISTOVAL ISD"
"226903","SAN ANGELO ISD"
"226905","WATER VALLEY ISD"
"226906","WALL ISD"
"226907","GRAPE CREEK ISD"
"226908","VERIBEST ISD"
"227803","WAYSIDE SCHOOLS"
"227804","NYOS CHARTER SCHOOL"
"227805","TEXAS EMPOWERMENT ACADEMY"
"227806","UNIVERSITY OF TEXAS UNIVERSITY CHA"
"227814","CHAPARRAL STAR ACADEMY"
"227816","HARMONY SCIENCE ACADEMY (AUSTIN)"
"227817","CEDARS INTERNATIONAL ACADEMY"
"227819","UNIVERSITY OF TEXAS ELEMENTARY CHA"
"227820","KIPP AUSTIN PUBLIC SCHOOLS INC"
"227821","AUSTIN DISCOVERY SCHOOL"
"227824","EAST AUSTIN COLLEGE PREP"
"227825","AUSTIN ACHIEVE PUBLIC SCHOOLS"
"227826","MONTESSORI FOR ALL"
"227827","THE EXCEL CENTER (FOR ADULTS)"
"227828","THE EXCEL CENTER"
"227901","AUSTIN ISD"
"227904","PFLUGERVILLE ISD"
"227907","MANOR ISD"
"227909","EANES ISD"
"227910","DEL VALLE ISD"
"227912","LAGO VISTA ISD"
"227913","LAKE TRAVIS ISD"
"228901","GROVETON ISD"
"228903","TRINITY ISD"
"228904","CENTERVILLE ISD"
"228905","APPLE SPRINGS ISD"
"229901","COLMESNEIL ISD"
"229903","WOODVILLE ISD"
"229904","WARREN ISD"
"229905","SPURGER ISD"
"229906","CHESTER ISD"
"230901","BIG SANDY ISD"
"230902","GILMER ISD"
"230903","ORE CITY ISD"
"230904","UNION HILL ISD"
"230905","HARMONY ISD"
"230906","NEW DIANA ISD"
"230908","UNION GROVE ISD"
"231901","MCCAMEY ISD"
"231902","RANKIN ISD"
"232901","KNIPPA ISD"
"232902","SABINAL ISD"
"232903","UVALDE CISD"
"232904","UTOPIA ISD"
"233901","SAN FELIPE-DEL RIO CISD"
"233903","COMSTOCK ISD"
"234801","RANCH ACADEMY"
"234902","CANTON ISD"
"234903","EDGEWOOD ISD"
"234904","GRAND SALINE ISD"
"234905","MARTINS MILL ISD"
"234906","VAN ISD"
"234907","WILLS POINT ISD"
"234909","FRUITVALE ISD"
"235901","BLOOMINGTON ISD"
"235902","VICTORIA ISD"
"235904","NURSERY ISD"
"236801","RAVEN SCHOOL"
"236901","NEW WAVERLY ISD"
"236902","HUNTSVILLE ISD"
"237902","HEMPSTEAD ISD"
"237904","WALLER ISD"
"237905","ROYAL ISD"
"238902","MONAHANS-WICKETT-PYOTE ISD"
"238904","GRANDFALLS-ROYALTY ISD"
"239901","BRENHAM ISD"
"239903","BURTON ISD"
"240801","GATEWAY ACADEMY CHARTER DISTRICT"
"240901","LAREDO ISD"
"240903","UNITED ISD"
"240904","WEBB CISD"
"241901","BOLING ISD"
"241902","EAST BERNARD ISD"
"241903","EL CAMPO ISD"
"241904","WHARTON ISD"
"241906","LOUISE ISD"
"242902","SHAMROCK ISD"
"242903","WHEELER ISD"
"242905","KELTON ISD"
"242906","FORT ELLIOTT CISD"
"243901","BURKBURNETT ISD"
"243902","ELECTRA ISD"
"243903","IOWA PARK CISD"
"243905","WICHITA FALLS ISD"
"243906","CITY VIEW ISD"
"244901","HARROLD ISD"
"244903","VERNON ISD"
"244905","NORTHSIDE ISD"
"245901","LASARA ISD"
"245902","LYFORD CISD"
"245903","RAYMONDVILLE ISD"
"245904","SAN PERLITA ISD"
"246801","MERIDIAN WORLD SCHOOL LLC"
"246902","FLORENCE ISD"
"246904","GEORGETOWN ISD"
"246905","GRANGER ISD"
"246906","HUTTO ISD"
"246907","JARRELL ISD"
"246908","LIBERTY HILL ISD"
"246909","ROUND ROCK ISD"
"246911","TAYLOR ISD"
"246912","THRALL ISD"
"246913","LEANDER ISD"
"246914","COUPLAND ISD"
"247901","FLORESVILLE ISD"
"247903","LA VERNIA ISD"
"247904","POTH ISD"
"247906","STOCKDALE ISD"
"248901","KERMIT ISD"
"248902","WINK-LOVING ISD"
"249901","ALVORD ISD"
"249902","BOYD ISD"
"249903","BRIDGEPORT ISD"
"249904","CHICO ISD"
"249905","DECATUR ISD"
"249906","PARADISE ISD"
"249908","SLIDELL ISD"
"250902","HAWKINS ISD"
"250903","MINEOLA ISD"
"250904","QUITMAN ISD"
"250905","YANTIS ISD"
"250906","ALBA-GOLDEN ISD"
"250907","WINNSBORO ISD"
"251901","DENVER CITY ISD"
"251902","PLAINS ISD"
"252901","GRAHAM ISD"
"252902","NEWCASTLE ISD"
"252903","OLNEY ISD"
"253901","ZAPATA COUNTY ISD"
"254901","CRYSTAL CITY ISD"
"254902","LA PRYOR ISD"
